job,years,education,salary,company,scale,job_url
K一个实现自我价值的行业,不限,不限,9000,杭州我爱我家房地产经纪有限公司上绍路分公司,10000人以上,http://jobs.zhaopin.com/CZ573273820J00048333107.htm
网络安全研发工程师,3-5年,大专,11500,上海焕兴网络科技有限公司,20-99人,http://jobs.zhaopin.com/CC320049589J00088402207.htm
一个实现自我价值的行业,不限,不限,9000,杭州我爱我家房地产经纪有限公司上绍路分公司,10000人以上,http://jobs.zhaopin.com/CZ573273820J00047637707.htm
PHP软件开发工程师（下沙+双休）,1-3年,本科,12500,杭州谷瀑信息技术有限公司,20-99人,http://jobs.zhaopin.com/434466513251349.htm
大数据开发工程师助理+ 双休,不限,大专,5000,杭州小蛋壳网络科技有限公司,20人以下,http://jobs.zhaopin.com/541343283250008.htm
php开发工程师,1-3年,本科,9000,杭州恒胜电子科技有限公司,20-99人,http://jobs.zhaopin.com/CC166277210J00050495002.htm
大数据分析师,不限,大专,5000,杭州小蛋壳网络科技有限公司,20人以下,http://jobs.zhaopin.com/541343283250029.htm
大数据开发工程师助理+ 双休,不限,大专,5000,杭州小蛋壳网络科技有限公司,20人以下,http://jobs.zhaopin.com/541343283250017.htm
大数据（开发、分析、算法）,不限,大专,5000,杭州小蛋壳网络科技有限公司,20人以下,http://jobs.zhaopin.com/541343283250035.htm
机械工程师转行运维工程师IT运维,不限,大专,9000,北京中关新才科技有限公司,100-499人,http://jobs.zhaopin.com/216380732277040.htm
转行 AIX运维助理 应届生,不限,大专,9000,北京中关新才科技有限公司,100-499人,http://jobs.zhaopin.com/216380732277608.htm
javaEE大数据软件工程师定岗实习生,不限,大专,11250,中青才智教育投资(北京)有限公司,1000-9999人,http://jobs.zhaopin.com/447375014270840.htm
机械工程师转行运维IT助理,不限,大专,9000,北京中关新才科技有限公司,100-499人,http://jobs.zhaopin.com/216380732273569.htm
杭州链家三墩片区诚招经纪人,不限,大专,12500,浙江链家房地产经纪有限公司杭州新世纪花苑店,10000人以上,http://jobs.zhaopin.com/CZ453501880J00086569905.htm
复审专员J10610,3-5年,本科,9000,微贷(杭州)金融信息服务有限公司,1000-9999人,http://jobs.zhaopin.com/481904630250128.htm
初审专员（易起投）J10518,1-3年,本科,7000,微贷(杭州)金融信息服务有限公司,1000-9999人,http://jobs.zhaopin.com/481904630250062.htm
审核专员J10519,1年以下,本科,7000,微贷(杭州)金融信息服务有限公司,1000-9999人,http://jobs.zhaopin.com/481904630250063.htm
审核专员（微易融）J10540,1-3年,本科,7000,微贷(杭州)金融信息服务有限公司,1000-9999人,http://jobs.zhaopin.com/481904630250054.htm
需求分析师,1-3年,大专,9000,杭州鲁尔物联科技有限公司,20-99人,http://jobs.zhaopin.com/661257829250053.htm
软件/互联网产品 转 IT高端运维,不限,大专,9000,北京中关新才科技有限公司,100-499人,http://jobs.zhaopin.com/216380732274094.htm
微信推广网络服务转岗IT运维,不限,大专,9000,北京中关新才科技有限公司,100-499人,http://jobs.zhaopin.com/216380732271740.htm
机械设计/制造/维修 转行  运维IT实习生岗,不限,不限,9000,北京中关新才科技有限公司,100-499人,http://jobs.zhaopin.com/216380732283399.htm
技术经理-杭州（恒生鲸腾）,5-10年,本科,23000,恒生电子股份有限公司,1000-9999人,http://jobs.zhaopin.com/000212281260788.htm
天猫运营店长,1-3年,大专,9000,杭州佰神网络科技有限公司,20-99人,http://jobs.zhaopin.com/459415438250025.htm
网络管理员网络工程师,不限,大专,9000,北京中关新才科技有限公司,100-499人,http://jobs.zhaopin.com/216380732271932.htm
网络管理员网络工程师运维实习,不限,大专,9000,北京中关新才科技有限公司,100-499人,http://jobs.zhaopin.com/216380732272272.htm
电子电气工程师转行it运维岗,不限,大专,9000,北京中关新才科技有限公司,100-499人,http://jobs.zhaopin.com/216380732274061.htm
机械工程师转行运维IT岗,不限,大专,9000,北京中关新才科技有限公司,100-499人,http://jobs.zhaopin.com/216380732276119.htm
机电工程师转行运维IT岗,不限,大专,9000,北京中关新才科技有限公司,100-499人,http://jobs.zhaopin.com/216380732274769.htm
软件工程师转金融IT高端运维北京技术岗,不限,大专,9000,北京中关新才科技有限公司,100-499人,http://jobs.zhaopin.com/216380732275337.htm
机械工程师转行 运维IT岗位,不限,大专,9000,北京中关新才科技有限公司,100-499人,http://jobs.zhaopin.com/216380732275736.htm
土木建筑转金融IT运维工程师,不限,大专,9000,北京中关新才科技有限公司,100-499人,http://jobs.zhaopin.com/216380732273410.htm
电信通信转行/IT运维技术工程师,不限,大专,9000,北京中关新才科技有限公司,100-499人,http://jobs.zhaopin.com/216380732276089.htm
Java+人工智能开发实习生,不限,大专,10750,北京百知教育科技有限公司,500-999人,http://jobs.zhaopin.com/689935929251132.htm
校招招聘经理--杭州--GPD-06,5-10年,本科,17500,杭州美窝科技有限公司,500-999人,http://jobs.zhaopin.com/CC394232531J00043596906.htm
产品经理,不限,本科,12500,信雅达系统工程股份有限公司,1000-9999人,http://jobs.zhaopin.com/146032657252805.htm
php程序员,1-3年,本科,9000,杭州盒鱼科技有限公司,保密,http://jobs.zhaopin.com/CZ393401680J00100222201.htm
net,1-3年,大专,9000,杭州吾诺瀚卓网络科技有限公司,100-499人,http://jobs.zhaopin.com/CC337845710J00051025504.htm
高级软件工程师,5-10年,本科,12500,杭州一轩科技有限公司,100-499人,http://jobs.zhaopin.com/CC269978830J00038321504.htm
运营专员,1-3年,不限,6000,杭州四喜信息技术有限公司,1000-9999人,http://jobs.zhaopin.com/245441819250567.htm
技术总监,5-10年,本科,32500,杭州富谦网络科技有限公司,20-99人,http://jobs.zhaopin.com/CZ337791680J00126343001.htm
销售经理,1-3年,大专,12500,杭州鲜沐科技有限公司,20-99人,http://jobs.zhaopin.com/CZ898687730J00012338806.htm
高提成+五险+月度旅游+奖金招线上招商代表,不限,大专,4250,汇客(杭州)科技有限公司,100-499人,http://jobs.zhaopin.com/253427483250139.htm
大数据开发后端工程师,1-3年,本科,12500,上海数力网络科技有限公司杭州分公司,20-99人,http://jobs.zhaopin.com/378629686250057.htm
java后台开发,3-5年,本科,15000,杭州租葛亮科技有限公司,100-499人,http://jobs.zhaopin.com/534337987250010.htm
job,years,education,salary,company,scale,job_url
健康医疗大数据商务副总经理,5-10年,本科,40000,九次方<b>大数据</b>信息集团有限公司,500-999人,http://jobs.zhaopin.com/355609911255120.htm
公安大数据解决方案副总经理,5-10年,本科,30000,九次方<b>大数据</b>信息集团有限公司,500-999人,http://jobs.zhaopin.com/355609911255118.htm
大数据产品创新副总经理,5-10年,本科,40000,九次方<b>大数据</b>信息集团有限公司,500-999人,http://jobs.zhaopin.com/355609911255293.htm
大数据产品营销专委会主任,5-10年,本科,40000,九次方<b>大数据</b>信息集团有限公司,500-999人,http://jobs.zhaopin.com/355609911255295.htm
大数据技术研发副总经理,5-10年,本科,40000,九次方<b>大数据</b>信息集团有限公司,500-999人,http://jobs.zhaopin.com/355609911255294.htm
大数据售前副总经理,5-10年,本科,40000,九次方<b>大数据</b>信息集团有限公司,500-999人,http://jobs.zhaopin.com/355609911255292.htm
大数据开发学徒,不限,本科,7000,北京菜鸟在线教育科技有限公司,20-99人,http://jobs.zhaopin.com/233139137252194.htm
大数据工程师,5-10年,本科,0,海尔集团公司,10000人以上,http://jobs.zhaopin.com/121066847315366.htm
大数据销售总监,3-5年,本科,17500,贵阳<b>大数据</b>交易所有限责任公司,100-499人,http://jobs.zhaopin.com/260303439250131.htm
大数据软件设计师,3-5年,本科,9000,北京旋极伏羲<b>大数据</b>技术有限公司,500-999人,http://jobs.zhaopin.com/365280436250021.htm
架构设计高级工程师（大数据）,5-10年,本科,40000,福建新大陆软件工程有限公司,1000-9999人,http://jobs.zhaopin.com/142331073251174.htm
大数据技术助理工程师,1-3年,本科,0,中银金融商务有限公司,1000-9999人,http://jobs.zhaopin.com/194779618250422.htm
大数据技术工程师,3-5年,本科,0,中银金融商务有限公司,1000-9999人,http://jobs.zhaopin.com/194779618250421.htm
大数据解决方案架构师,5-10年,本科,0,华为技术有限公司,10000人以上,http://jobs.zhaopin.com/000542945276293.htm
大数据开发工程师 [北京],3-5年,本科,25000,深圳市源极光科技有限公司,20-99人,http://jobs.zhaopin.com/562114535250100.htm
大数据总监,1-3年,硕士,25000,泛测(北京)环境科技有限公司,20-99人,http://jobs.zhaopin.com/338692835250042.htm
高级大数据开发工程师,3-5年,本科,20000,北京世纪高通科技有限公司,100-499人,http://jobs.zhaopin.com/138826768251206.htm
大数据技术经理,3-5年,不限,22500,北京八维教育集团,1000-9999人,http://jobs.zhaopin.com/121017111253804.htm
大数据研发工程师,5-10年,本科,30000,北京明特量化信息技术有限公司,500-999人,http://jobs.zhaopin.com/325098280250196.htm
云计算大数据实习生【定岗直招】（零基础）,无经验,大专,7000,北京欣如信科技有限公司,1000-9999人,http://jobs.zhaopin.com/567369733250086.htm
云计算大数据实习生+应往届,无经验,大专,7000,北京欣如信科技有限公司,1000-9999人,http://jobs.zhaopin.com/567369733250090.htm
转行云计算大数据实习生+年终奖+应往届,无经验,大专,7000,北京欣如信科技有限公司,1000-9999人,http://jobs.zhaopin.com/567369733250084.htm
大数据研发工程师,1-3年,本科,30000,北京世纪好未来教育科技有限公司,10000人以上,http://jobs.zhaopin.com/602273321267396.htm
大数据项目经理,5-10年,本科,26500,北京八维研修学院,1000-9999人,http://jobs.zhaopin.com/187965628251105.htm
前端开发工程师（大数据平台方向）,1-3年,本科,11500,北京世纪高通科技有限公司,100-499人,http://jobs.zhaopin.com/138826768251189.htm
大数据开发工程师,3-5年,本科,12500,北京航天数据股份有限公司,100-499人,http://jobs.zhaopin.com/412272383250010.htm
大数据架构师,5-10年,本科,40000,中网数据(北京)股份有限公司,100-499人,http://jobs.zhaopin.com/335272932250251.htm
产品经理（大数据方向）,3-5年,本科,17500,亿海蓝(北京)数据技术股份公司,100-499人,http://jobs.zhaopin.com/120568168250766.htm
大数据工程师,1-3年,本科,9000,北京亿赛通科技发展有限责任公司,100-499人,http://jobs.zhaopin.com/156227629252245.htm
应届生+大数据开发实习生（可培养）,无经验,不限,5000,山东文辉软件服务外包有限公司,500-999人,http://jobs.zhaopin.com/506070230253870.htm
测试工程师-大数据,1-3年,本科,9000,北京天融信科技有限公司,1000-9999人,http://jobs.zhaopin.com/000327562253045.htm
咨询经理（大数据方向）,5-10年,本科,23500,同方股份有限公司,10000人以上,http://jobs.zhaopin.com/120155269261519.htm
大数据分析工程师,不限,本科,9000,北京外企德科人力资源服务上海有限公司,1000-9999人,http://jobs.zhaopin.com/138117190282249.htm
大数据开发工程师,1-3年,本科,30000,北京金山云网络技术有限公司,1000-9999人,http://jobs.zhaopin.com/608869229251785.htm
工业大数据技术预先研究员,3-5年,硕士,12500,航天云网科技发展有限责任公司,1000-9999人,http://jobs.zhaopin.com/283771033250836.htm
云计算／大数据开发助理（0基础转行可投）,不限,大专,5000,北京华信智原教育技术有限公司,100-499人,http://jobs.zhaopin.com/134503487250663.htm
大数据研发工程师,不限,本科,20000,北京思路创新科技有限公司,100-499人,http://jobs.zhaopin.com/148167610251361.htm
高级产品经理（大数据平台方向）,5-10年,本科,22500,北京金山云网络技术有限公司,1000-9999人,http://jobs.zhaopin.com/608869229251812.htm
大数据产品经理,1-3年,本科,25000,大唐移动通信设备有限公司,1000-9999人,http://jobs.zhaopin.com/174786810267735.htm
大数据高级研发工程师,3-5年,本科,17500,北京天融信科技有限公司,1000-9999人,http://jobs.zhaopin.com/000327562252791.htm
大数据技术支持工程师,不限,本科,17500,北京航天智造科技发展有限公司,100-499人,http://jobs.zhaopin.com/278682437250078.htm
高级测试工程师-大数据,3-5年,本科,12000,北京天融信科技有限公司,1000-9999人,http://jobs.zhaopin.com/000327562253046.htm
高级大数据开发工程师,3-5年,不限,27500,北京鼎阅广告传媒有限责任公司,100-499人,http://jobs.zhaopin.com/419073231250065.htm
大数据研发工程师,1-3年,本科,13000,北京天融信科技有限公司,1000-9999人,http://jobs.zhaopin.com/000327562252790.htm
JAVA大数据助理（包住+餐补）,不限,大专,5000,北京华信智原教育技术有限公司,100-499人,http://jobs.zhaopin.com/134503487250842.htm
java软件开发 大数据开发 定岗实习+转正,不限,大专,12500,北京华信智原教育技术有限公司,100-499人,http://jobs.zhaopin.com/134503487250694.htm
